# файл	x0	y0	x1	y1	from	to	причина — блок «План: Free» с кнопкой «Подключить «Точку» — 990 ₽ / 30 дней» (цена и тариф в кадре запрещены); координаты сняты с кадров записей 29.09 (круг правок 2), шаг 1 с
owner-create-desktop.webm	580	290	1340	518	0	9.8	цена и тариф до создания точки (до 9,8 с с запасом: декодер Remotion на 9,5 с ещё дал кадр до создания)
owner-create-desktop.webm	580	655	1340	1080	9.8	99	цена и тариф под карточкой точки
owner-place-desktop.webm	580	655	1340	1080	0	99	цена и тариф под карточкой точки
owner-qr-desktop.webm	0	0	1920	1080	0	3.5	кабинет с ценой до перехода на страницу QR
inbox-desktop.webm	580	640	1340	1080	0	2	цена и тариф до прокрутки
inbox-desktop.webm	580	553	1340	1080	2	7.4	цена и тариф после прокрутки (до перехода к обращениям ≈7,2 с, с запасом)
owner-place-mobile.webm	0	1640	780	1688	0	2.5	«План: Free» до прокрутки
owner-place-mobile.webm	0	1230	780	1688	2.5	5.5	«План: Free» во время прокрутки
owner-place-mobile.webm	0	1080	780	1688	5.5	99	«План: Free» после прокрутки
inbox-mobile.webm	0	1260	780	1688	0	5.5	«План: Free» и цена (до перехода к обращениям)
